draw,auc
0,0.4996938271604938
1,0.5182222222222221
2,0.4771358024691358
3,0.6111506172839506
4,0.3929382716049383
5,0.47373827160493825
6,0.4715753086419753
7,0.4836938271604939
8,0.5379654320987655
9,0.46102716049382714
10,0.4288395061728395
11,0.5172444444444444
12,0.4875456790123457
13,0.5072296296296296
14,0.41832098765432096
15,0.42252839506172846
16,0.45556543209876543
17,0.4729086419753087
18,0.505520987654321
19,0.5487703703703704
