cross_section,n,log10_mean,resonance,keff,keff_lo,keff_hi,dL1p,dL1p_lo,dL1p_hi,dL2p,dL2p_lo,dL2p_hi,dTailp,dTailp_lo,dTailp_hi,rounding_mass,rounding_mass_lo,rounding_mass_hi,trail10,trail10_lo,trail10_hi
real_channel,30000,7.379242,0.196501,1.295606,1.29314,1.298002,0.194036,0.192294,0.195786,-0.113818,-0.115451,-0.112189,-0.080218,-0.08059,-0.07987,0.767281,0.765919,0.768616,5.0922,5.082698,5.101968
synthetic_kde_gridsnap,30000,7.380868,0.206597,1.380391,1.378041,1.382859,0.184931,0.183083,0.186605,-0.105295,-0.106867,-0.103543,-0.079636,-0.079998,-0.079276,0.743847,0.742425,0.745188,5.121833,5.112,5.131135
